;Time6x6;Time7x7;Time8x8;Time9x9
heuristic1;0.014240264892578125;0.014294624328613281;0.1753065586090088;1.1469128131866455
heuristic2;0.015434741973876953;0.01846456527709961;0.19396519660949707;2.7463231086730957
heuristic3;0.004992008209228516;0.013704061508178711;0.1608448028564453;0.8540127277374268
